,assetTurnoverTTM,bookValue,cashRatio,currentRatio,ebitPerShare,eps,ev,fcfMargin,fcfPerShareTTM,grossMargin,inventoryTurnoverTTM,longtermDebtTotalAsset,longtermDebtTotalCapital,longtermDebtTotalEquity,netDebtToTotalCapital,netDebtToTotalEquity,netMargin,operatingMargin,payoutRatioTTM,pb,peTTM,pfcfTTM,pretaxMargin,psTTM,ptbv,quickRatio,receivablesTurnoverTTM,roaTTM,roeTTM,roicTTM,rotcTTM,salesPerShare,sgaToSale,tangibleBookValue,totalDebtToEquity,totalDebtToTotalAsset,totalDebtToTotalCapital,totalRatio
1989-06-30,,,,,0.0104,0.0066,,,,0.4944,,,,,,,0.0769,0.1202,,,,,0.1266,,,,,,,,,0.0862,0.5056,,,,,
1989-09-29,,,0.4893854748603352,2.5631,0.0118,0.0111,,,,0.5101,,,,,-0.2469,-0.2564,0.1163,0.1243,,,,,0.1908,,,2.0324,,,,,,0.0951,0.4892,,0.0384,0.0208,0.0369,2.1812
1989-12-29,,,0.46024636058230683,2.6047,0.0131,0.0086,,,,0.5204,,,,,-0.2155,-0.2251,0.0837,0.1273,,,,,0.1373,,,2.1265,,,,,,0.1029,0.4796,,0.0446,0.0242,0.0427,2.1806
1990-03-30,,,0.834625322997416,2.9328,0.014,0.0093,,,,0.5475,,,,,-0.3985,-0.4036,0.0981,0.1478,,,,,0.1605,,,2.5297,,,,,,0.0947,0.4532,,0.0129,0.0072,0.0127,2.2661
1990-06-29,1.9916,,0.7497181510710259,2.637,0.0131,0.0086,,,0.0543,0.5399,,,,,-0.4178,-0.4247,0.0879,0.1333,,,,,0.1436,,,2.3078,,0.1917,0.3546,0.345,0.4764,0.0979,0.4601,,0.0166,0.0087,0.0163,2.0897
1990-09-28,1.9408,,0.36514118792599803,2.3398,0.0103,0.0072,,,0.0573,0.5185,,,,,-0.1605,-0.1742,0.0724,0.1041,,,,,0.1189,,,1.9942,,0.1659,0.3151,0.3033,0.4546,0.0988,0.4815,,0.085,0.0413,0.0783,1.9464
1990-12-28,1.9463,,0.6893656716417911,2.3731,0.0173,0.0114,,,0.054,0.5137,,,,,-0.4566,-0.4634,0.0901,0.136,,,,,0.145,,,1.9916,,0.1698,0.3312,0.3211,0.4807,0.1269,0.4863,,0.0149,0.0073,0.0147,1.9584
1991-03-29,1.9262,,0.8775100401606426,2.8243,0.0137,0.0096,,,0.0284,0.4875,6.2795,,,,-0.4769,-0.4785,0.082,0.117,,,,,0.1327,,,2.2008,7.1486,0.1607,0.3168,0.3082,0.4549,0.1168,0.5125,,0.0033,0.0018,0.0033,2.1281
1991-06-28,1.893,,0.6013986013986014,2.1974,-0.0066,-0.0039,,,-0.0049,0.4578,6.4713,,,,-0.3392,-0.3709,-0.0347,-0.0582,,,,,-0.0562,,,1.6278,7.1673,0.1005,0.2021,0.1929,0.2755,0.1139,0.5415,,0.0936,0.0452,0.0856,1.9312
1991-09-27,1.8658,,0.49630238290879214,2.3533,0.0089,0.006,,,-0.0022,0.4346,6.2465,,,,-0.2375,-0.2575,0.0537,0.0803,,,,,0.0869,,,1.8012,8.2662,0.0917,0.1826,0.174,0.2509,0.111,0.5654,,0.0843,0.0426,0.0778,2.0232
1991-12-27,1.841,,0.4169944925255704,2.417,0.0192,0.0121,,,0.0057,0.4364,6.0761,,,,-0.2458,-0.2517,0.0891,0.1412,,,,,0.1439,,,1.9111,8.3598,0.0921,0.1813,0.1727,0.2561,0.1362,0.5631,,0.0239,0.0123,0.0234,2.0543
1992-03-27,1.808,,0.6131095123900879,2.6035,0.0151,0.0097,,,0.0303,0.4406,6.4537,,,,-0.2839,-0.3023,0.0787,0.1224,,,,,0.127,,,2.1695,7.5614,0.0899,0.1768,0.166,0.2547,0.1235,0.5594,,0.0652,0.0345,0.0612,2.1257
1992-06-26,1.7845,,0.5382916053019146,2.5206,0.0146,0.0096,,,0.0586,0.4431,6.7452,,,,-0.2395,-0.2598,0.0759,0.1155,,,,,0.1218,,,2.1259,7.1161,0.1344,0.2603,0.2445,0.3782,0.1264,0.5569,,0.0849,0.0437,0.0782,2.0605
1992-09-25,1.7683,,0.349929873772791,2.4951,0.0098,0.0072,,,0.0548,0.427,6.3385,,,,-0.1329,-0.144,0.0554,0.0747,,,,,0.0888,,,2.0884,7.9507,0.1325,0.2553,0.2396,0.3637,0.1306,0.573,,0.0841,0.0436,0.0776,2.0747
1992-12-25,1.7219,,0.37971391417425226,2.4077,0.0178,0.0119,,,0.0381,0.4055,6.0362,,,,-0.1589,-0.1721,0.0805,0.1205,,,,,0.13,,,2.0195,7.9188,0.1254,0.2425,0.2246,0.3347,0.1474,0.5945,,0.0837,0.0425,0.0772,2.0321
1993-03-26,1.7289,,0.3816326530612245,2.4864,0.0125,0.0082,,,0.0101,0.3855,6.3754,,,,-0.2136,-0.2192,0.0562,0.0856,,,,,0.0907,,,1.8898,7.1083,0.116,0.2262,0.2115,0.3131,0.1458,0.6145,,0.0262,0.0134,0.0256,2.0467
1993-06-25,1.6938,,0.18741058655221746,1.8693,-0.0237,-0.0145,,,-0.0311,0.3255,6.6629,,,,-0.0365,-0.0421,-0.101,-0.1649,,,,,-0.1633,,,1.2785,6.6519,0.0405,0.083,0.0765,0.0987,0.1437,0.6745,,0.1525,0.0646,0.1323,1.7351
1993-09-24,1.6879,,0.26953748006379585,1.7297,0.0005,0.0002,,,-0.0664,0.2569,6.1746,,,,0.0539,0.076,0.0014,0.0033,,,,,0.0019,,,1.1288,6.931,0.0184,0.0404,0.0348,0.044,0.161,0.7426,,0.4097,0.1605,0.2906,1.6442
1993-12-31,1.7369,,0.4175257731958763,1.8076,0.005,0.0031,,0.2003,-0.0424,0.2398,5.2631,,,,-0.0784,-0.1072,0.0162,0.0263,,,,,0.0263,,,1.2324,6.8443,-0.007,-0.0162,-0.0132,-0.0255,0.1885,0.7602,,0.3663,0.1491,0.2681,1.6869
1994-04-01,1.6873,,0.5004604051565378,2.0359,0.0026,0.0013,,0.013,-0.0415,0.2403,5.0292,,,,-0.1002,-0.138,0.0082,0.0169,,,,,0.0135,,,1.4434,6.4617,-0.0253,-0.0624,-0.047,-0.0734,0.1559,0.7597,,0.3774,0.1506,0.274,1.6638
1994-07-01,1.7141,,0.5957224830464267,2.2222,0.0174,0.0104,,0.1326,-0.0057,0.267,6.1322,,,,-0.1051,-0.1434,0.0642,0.1079,,,,,0.1037,,,1.5978,6.9031,0.0384,0.0939,0.0681,0.1166,0.1615,0.733,,0.3653,0.1601,0.2675,1.7801
1994-09-30,1.771,,0.6188271604938271,2.3025,0.0141,0.0085,,0.1932,0.0431,0.2724,5.8235,,,,-0.2034,-0.2543,0.0461,0.0762,,,,,0.0742,,,1.7428,6.5036,0.0597,0.1411,0.1055,0.1776,0.1852,0.7276,,0.2505,0.1126,0.2003,1.8167
1994-12-30,1.7984,,0.59328165374677,2.4382,0.0208,0.0138,,0.1846,0.0493,0.2874,5.436,,,,-0.2065,-0.2479,0.0664,0.1003,,,,,0.1056,,,1.878,6.9528,0.0862,0.197,0.1523,0.2465,0.2079,0.7126,,0.2002,0.0927,0.1668,1.8623
1995-03-31,1.8405,,0.6130182790905038,2.3009,0.0121,0.0053,,0.0222,0.0539,0.2621,5.2755,,,,-0.1218,-0.1636,0.0275,0.0626,,,,,0.0437,,,1.8622,6.2025,0.0934,0.2076,0.1611,0.2732,0.1931,0.7379,,0.343,0.1539,0.2554,1.8135
1995-06-30,1.8353,,0.5362718089990818,2.3834,0.0117,0.0074,,0.0913,0.0387,0.2827,5.7664,,,,-0.1298,-0.1623,0.04,0.0629,,,,,0.0637,,,1.7557,6.7102,0.0833,0.1827,0.1447,0.2424,0.1854,0.7173,,0.2507,0.116,0.2005,1.8611
1995-09-29,1.8494,,0.3251612903225806,2.2469,0.0052,0.0043,,0.0431,-0.029,0.2068,6.4861,,,,0.0022,0.0028,0.02,0.024,,,,,0.0316,,,1.4834,6.8058,0.0709,0.1541,0.1218,0.1965,0.2149,0.7932,,0.2634,0.1226,0.2085,1.8712
1995-12-29,1.8244,,0.3046210720887246,2.0521,-0.0086,-0.005,,0.1385,-0.0489,0.1509,5.9563,0.0,0.0,0.0,-0.0061,-0.0079,-0.0219,-0.0378,,,,,-0.0346,,,1.3323,7.4572,0.0268,0.0594,0.0463,0.0778,0.2285,0.8491,,0.287,0.1224,0.223,1.7433
1996-03-29,1.8087,,0.21997360316761988,1.8817,-0.0853,-0.0534,,0.1603,-0.0739,-0.1927,5.7311,0.0,0.0,0.0,0.0572,0.0754,-0.3387,-0.541,,,,,-0.5378,,,1.2367,6.2995,-0.1071,-0.2443,-0.1913,-0.3159,0.1578,1.1927,,0.3186,0.1251,0.2416,1.6469
1996-06-28,1.8003,,0.705607476635514,2.3126,-0.0084,-0.0023,,0.1029,-0.048,0.1849,5.8456,0.0,0.0,0.0,-0.0707,-0.1104,-0.0147,-0.0532,,,,,-0.0234,,,1.7617,6.4228,-0.1337,-0.3197,-0.238,-0.4098,0.1572,0.8151,,0.5624,0.2125,0.3599,1.6075
1996-09-27,1.7484,,0.7748377433849226,2.2541,0.0024,0.0018,,0.0079,0.0245,0.2202,7.7616,0.0,0.0,0.0,-0.1306,-0.2026,0.0108,0.0146,,,,,0.0172,,,1.9236,7.2764,-0.1451,-0.3656,-0.2579,-0.4371,0.1664,0.7798,,0.5515,0.2116,0.3555,1.6225
1996-12-27,1.6618,,0.5743639921722113,2.1619,-0.0089,-0.0086,,0.0175,0.0184,0.1865,7.7735,0.0,0.0,0.0,-0.0143,-0.0227,-0.0564,-0.0582,,,,,-0.0564,,,1.9232,7.3919,-0.1635,-0.4294,-0.2859,-0.4576,0.1526,0.8135,,0.5819,0.2143,0.3678,1.5832
1997-03-28,1.6084,,0.6330183988065639,1.811,-0.0509,-0.0503,,0.1401,0.0511,0.1893,7.2753,0.0,0.0,0.0,-0.0808,-0.1514,-0.4422,-0.4472,,,,,-0.4422,,,1.5579,5.7385,-0.1632,-0.4599,-0.2843,-0.3139,0.1138,0.8107,,0.8736,0.2418,0.4663,1.3827
1997-06-27,1.6005,,0.5329842931937173,1.8288,-0.0042,-0.004,,0.0549,0.0167,0.2003,6.5084,0.0,0.0,0.0,0.0264,0.0502,-0.0322,-0.0345,,,,,-0.0322,,,1.5492,5.1304,-0.1765,-0.5337,-0.3162,-0.3188,0.1226,0.7997,,0.9013,0.2483,0.4741,1.3803
1997-09-26,1.545,,0.6765676567656765,1.8834,-0.0119,-0.0113,,0.0822,0.007,0.1983,6.6997,0.0,0.0,0.0,-0.1167,-0.2117,-0.0998,-0.1053,,,,,-0.0998,,,1.643,6.5447,-0.228,-0.7491,-0.4244,-0.4346,0.1129,0.8017,,0.8133,0.2306,0.4485,1.3956
1997-12-26,1.5198,,0.7147992810065907,2.021,0.0026,0.003,,0.1522,0.0107,0.2237,7.8107,0.0,0.0,0.0,-0.0977,-0.1744,0.0298,0.0253,,,,,0.0298,,,1.7789,6.2329,-0.2043,-0.7194,-0.3904,-0.4028,0.1008,0.7763,,0.7846,0.2365,0.4396,1.4316
1998-03-27,1.5205,,0.9284682080924855,2.3215,0.0031,0.0034,,0.0496,0.0142,0.2484,10.3967,0.0,0.0,0.0,-0.1307,-0.2226,0.0391,0.0363,,,,,0.042,,,2.1358,5.5954,-0.0276,-0.0915,-0.0509,-0.0615,0.086,0.7516,,0.7032,0.2463,0.4129,1.539
1998-06-26,1.4665,,0.8660907127429806,2.4298,0.0032,0.0052,,0.1257,0.0404,0.2568,11.6726,0.0,0.0,0.0,-0.1025,-0.1682,0.072,0.0435,,,,,0.0777,,,2.3369,5.4553,0.0103,0.0316,0.0183,-0.0078,0.0729,0.7432,,0.6413,0.2358,0.3907,1.5816
1998-09-25,1.4473,,0.9743421052631579,2.4329,0.0048,0.0047,,0.1224,0.0475,0.268,12.9608,0.0,0.0,0.0,-0.203,-0.321,0.0681,0.0701,,,,,0.0733,,,2.3816,6.4765,0.0753,0.2146,0.1285,0.1085,0.0685,0.732,,0.581,0.2224,0.3675,1.6203
1998-12-26,1.4387,,0.8227762803234502,2.6058,0.0066,0.0079,,0.0338,0.0536,0.2819,13.9276,0.0,0.0,0.0,-0.0928,-0.1388,0.0889,0.0743,,,,,0.0988,,,2.5889,5.6541,0.0981,0.2572,0.1612,0.1355,0.0887,0.7181,,0.4961,0.2078,0.3316,1.7205
1999-03-27,1.3884,,0.8795336787564767,2.6503,0.0041,0.007,,0.0581,0.0596,0.2634,17.3282,0.0,0.0,0.0,-0.1288,-0.1853,0.0882,0.0516,,,,,0.1,,,2.6386,5.9709,0.1107,0.2735,0.179,0.1362,0.0789,0.7366,,0.4391,0.1935,0.3051,1.788
1999-06-26,1.3494,,1.152046783625731,2.7927,0.0053,0.0104,,0.0917,0.0454,0.2741,20.8159,0.0,0.0,0.0,-0.4505,-0.496,0.1303,0.0668,,,,,0.147,,,2.7882,6.692,0.1266,0.2737,0.2008,0.1412,0.0796,0.7259,,0.101,0.0598,0.0917,2.4495
1999-09-25,1.245,,0.856036152356359,2.7663,0.0025,0.0056,,0.0792,0.0417,0.2874,32.9891,0.0,0.0,0.0,-0.3014,-0.3305,0.0831,0.0367,,,,,0.0936,,,2.7534,7.6946,0.122,0.2363,0.1896,0.1132,0.0675,0.7126,,0.0966,0.0581,0.0881,2.509
2000-01-01,1.1924,4414.0,0.8071246819338422,2.4982,0.005,0.0092,16753.7,0.1068,0.0481,0.2591,68.0147,0.0014,0.0025,0.0035,-0.2728,-0.2913,0.0781,0.0427,,4.0869,,,0.1169,,,2.4906,7.0171,0.1114,0.1996,0.1741,0.0915,0.1172,0.7409,,0.068,0.0395,0.0636,2.3916
2000-04-01,1.1596,4215.0,0.8969239071775499,2.6508,0.0083,0.0114,20122.5,0.1277,0.0358,0.2823,90.5714,0.0,0.0,0.0,-0.3017,-0.3231,0.1198,0.0874,,5.0972,,,0.164,,,2.6454,7.4988,0.1179,0.1986,0.1836,0.1064,0.0954,0.7177,,0.0712,0.0428,0.0664,2.5097
2000-07-01,1.1165,4176.0,0.7175654030966364,2.7533,0.0083,0.0099,16308.5,0.1703,0.0437,0.2975,372.5,0.0577,0.105,0.1446,-0.2332,-0.25,0.1096,0.0921,,4.1553,,,0.1479,,,2.7507,8.2362,0.109,0.1828,0.17,0.1139,0.0901,0.7025,,0.0718,0.0433,0.067,2.5152
2000-09-30,1.1272,4107.0,0.6161407139161924,2.8076,0.0041,0.0084,6989.5,0.1275,0.0386,0.2497,894.3333,0.0595,0.0995,0.1359,-0.2022,-0.2169,0.0909,0.0449,,1.9188,,,0.1225,0.9872,,2.7905,7.9968,0.111,0.1859,0.1736,0.1153,0.0923,0.7503,,0.073,0.0441,0.0681,2.5234
2000-12-30,0.9948,3712.0,1.0610873549175321,3.0092,-0.0222,-0.0103,3570.24,0.1634,0.0184,-0.0209,219.5094,0.0573,0.102,0.1276,-0.3545,-0.3842,-0.1936,-0.4171,,1.346,,,-0.2929,0.7517,,2.9963,9.7711,0.0611,0.1007,0.0937,0.0005,0.0533,1.0209,,0.0838,0.052,0.0773,2.6324
2001-03-31,0.949,3738.0,1.1910863509749303,2.9777,-0.0004,0.0022,5649.77,0.052,0.0134,0.269,475.9,0.0549,0.0989,0.1187,-0.4491,-0.4872,0.03,-0.0056,,1.9986,,,0.0433,1.2181,,2.9721,7.7781,0.0337,0.0554,0.0514,-0.0415,0.0724,0.731,,0.0848,0.0517,0.0782,2.5627
2001-06-30,0.9257,3858.0,1.3141263940520447,3.2515,0.0015,0.003,6466.09,0.1512,-0.0013,0.2942,376.5,0.0502,0.0834,0.112,-0.4321,-0.4676,0.0414,0.021,,2.1436,10.0261,,0.059,1.4301,,3.2398,7.3904,0.0126,0.0205,0.019,-0.0752,0.0734,0.7058,,0.0822,0.0522,0.0759,2.7433
2001-09-29,0.8862,3920.0,1.5217391304347827,3.388,0.0027,0.0033,3384.29,0.143,-0.0024,0.3014,187.6364,0.0496,0.0857,0.1071,-0.4704,-0.5084,0.0455,0.0366,,1.3718,11.5647,,0.0648,1.0027,,3.3808,7.5588,-0.0041,-0.0066,-0.0061,-0.0834,0.0726,0.6986,,0.0809,0.0526,0.0748,2.8658
2001-12-29,0.9417,3966.0,1.2324255858138062,3.3388,-0.0002,0.0019,5947.03,0.0175,-0.0003,0.3069,184.2273,0.0486,0.0827,0.1044,-0.381,-0.4112,0.0276,-0.0029,,1.9107,17.4474,,0.0385,1.3223,,3.3243,12.2066,0.0342,0.0537,0.0497,0.0172,0.0687,0.6931,,0.0794,0.0515,0.0736,2.8395
2002-03-30,0.947,4014.0,0.6781743709771796,3.1679,0.0014,0.002,7795.75,0.1222,0.0007,0.2736,227.3889,0.0464,0.0845,0.1088,-0.1961,-0.2113,0.0268,0.0187,,2.1534,15.8156,,0.0368,1.4916,,3.1527,9.0476,0.0335,0.052,0.0482,0.0254,0.0729,0.7264,,0.0775,0.0496,0.0719,2.784
2002-06-29,0.931,4066.0,0.7252619324796274,3.1682,0.0006,0.0016,5138.25,0.0717,0.0004,0.2736,154.3396,0.0579,0.1118,0.1474,-0.2122,-0.2287,0.0224,0.0091,,1.4924,36.4328,10.8547,0.0273,1.0555,,3.1484,9.3938,0.0285,0.0441,0.0409,0.0209,0.0696,0.7264,,0.0777,0.0502,0.0721,2.8258
2002-09-28,0.9196,4095.0,1.3582629674306392,3.2497,-0.001,-0.0022,3267.85,0.0772,-0.0042,0.264,147.8214,0.1775,0.3007,0.4698,-0.4389,-0.4728,-0.0312,-0.0139,,1.2708,42.1646,21.8589,-0.0416,0.9063,,3.2226,11.1387,0.0104,0.0161,0.0149,0.0039,0.0718,0.736,,0.0772,0.0502,0.0716,2.8588
2002-12-28,0.9296,4116.0,1.6376175548589342,3.3755,-0.0018,-0.0004,2761.04,0.0044,0.0,0.2758,126.9254,0.1769,0.2972,0.4611,-0.5167,-0.5569,-0.0054,-0.0251,,1.2277,34.4787,64.2206,-0.0054,0.8654,,3.348,11.7367,0.003,0.0047,0.0043,-0.0036,0.0732,0.7242,,0.0777,0.051,0.0721,2.9118
2003-03-29,0.9229,4139.0,1.6990533134030892,2.7245,-0.0002,0.0007,1997.17,0.0125,0.0048,0.2834,126.0597,0.1802,0.3092,0.4892,-0.6968,-0.749,0.0095,-0.0027,,1.2315,59.2694,38.2636,0.0129,0.876,,2.704,10.2447,-0.0011,-0.0017,-0.0016,-0.0109,0.0727,0.7166,,0.0749,0.0487,0.0697,2.8627
2003-06-28,0.9358,4198.0,1.7318518518518518,2.7388,0.0004,0.0009,3768.55,0.0611,0.0062,0.277,119.5,0.2122,0.4091,0.7665,-0.7103,-0.7623,0.0123,0.0058,,1.66,107.2085,44.3249,0.0168,1.1741,,2.72,9.9414,-0.0032,-0.0048,-0.0045,-0.0117,0.0758,0.723,,0.0731,0.0477,0.0681,2.8716
2003-09-27,0.9591,4223.0,1.4408145948239288,2.4977,0.0015,0.0021,4629.27,0.0393,0.0061,0.2659,89.0891,0.2191,0.4182,0.7952,-0.683,-0.7322,0.0257,0.0181,,1.8284,100.2762,30.7058,0.0321,1.244,,2.4739,9.3268,0.0107,0.0166,0.0154,-0.0002,0.0826,0.7341,,0.072,0.0446,0.0672,2.6292
2003-12-27,1.0141,4330.0,1.563392107472712,2.5311,0.0035,0.003,4355.59,0.0087,0.0102,0.2672,73.7293,0.2247,0.437,0.7925,-0.7388,-0.7903,0.0314,0.0369,,1.7962,55.5542,42.659,0.0434,1.1538,,2.4937,12.4488,0.0211,0.0332,0.0309,0.0243,0.0962,0.7328,,0.0697,0.0433,0.0652,2.6395
2004-03-27,1.0645,4490.0,1.594949494949495,2.9212,0.0025,0.0022,7161.2,0.0872,0.0085,0.2776,100.4808,0.2307,0.4288,0.7653,-0.7033,-0.7033,0.0241,0.0272,,2.2983,59.9953,23.0106,0.0335,1.4382,,2.8894,13.324,0.0255,0.0399,0.0379,0.0366,0.0901,0.7224,,0.0,0.0,0.0,3.0
2004-06-26,1.1021,4812.0,1.4477958236658932,2.9169,0.0033,0.0028,9227.6,0.0136,0.018,0.2776,101.1455,0.2405,0.4031,0.6866,-0.6484,-0.6484,0.0303,0.0357,,2.566,57.6991,37.6613,0.0422,1.6153,,2.8835,12.7719,0.0309,0.0479,0.0464,0.0496,0.0916,0.7224,,0.0,0.0,0.0,2.9959
2004-09-25,1.1428,5076.0,1.119954734062618,2.6613,0.0057,0.0047,11589.8,0.0859,0.0346,0.2698,76.6879,0.2358,0.3907,0.6413,-0.5849,-0.5849,0.0451,0.0545,,2.8682,52.7493,31.7419,0.0626,1.7585,,2.6232,10.7519,0.0381,0.059,0.0581,0.0686,0.1042,0.7302,,0.0,0.0,0.0,2.7068
2004-12-25,1.2449,5790.0,0.7676799007444168,2.5813,0.0172,0.0126,22919.0,0.1634,0.0574,0.2854,57.502,0.2224,0.3675,0.581,-0.4275,-0.4275,0.0845,0.1155,,4.3858,49.9882,19.2069,0.1229,2.601,,2.5329,13.4569,0.0648,0.1008,0.1008,0.1299,0.1487,0.7146,,0.0,0.0,0.0,2.6209
2005-03-26,1.2775,6386.0,0.6724343675417661,2.6871,0.0166,0.0119,32500.3,0.2054,0.0767,0.2982,69.9648,0.2078,0.3316,0.4961,-0.353,-0.353,0.0879,0.1221,,5.4423,46.5252,19.5338,0.1323,3.1319,,2.6381,15.0672,0.086,0.1354,0.1354,0.1811,0.1357,0.7018,,0.0,0.0,0.0,2.7144
2005-06-25,1.3262,6821.0,0.9907140569964777,3.0022,0.0177,0.0133,27473.9,0.152,0.0864,0.2966,67.6377,0.1935,0.3051,0.4391,-0.4536,-0.4536,0.0909,0.1213,,4.4814,30.3856,19.6685,0.1344,2.4254,,2.9404,17.3118,0.1059,0.1672,0.1672,0.225,0.1461,0.7034,,0.0,0.0,0.0,2.8601
2005-09-24,1.3435,7428.0,1.0011471178663607,2.9538,0.0172,0.0177,41187.0,0.1162,0.0973,0.2814,74.3534,0.0598,0.0917,0.101,-0.47,-0.47,0.1169,0.1136,,6.0148,33.5925,15.2611,0.13,3.2071,,2.9065,16.6938,0.1283,0.2013,0.2013,0.2489,0.1516,0.7186,,0.0,0.0,0.0,2.817
2005-12-31,1.3988,8380.0,0.8201581027667985,2.4036,0.0306,0.0231,58846.9,0.1784,0.0743,0.272,57.9,0.0581,0.0881,0.0966,-0.4952,-0.4952,0.0983,0.1305,,7.5175,39.3731,19.6387,0.1445,3.8911,,2.3553,14.745,0.1382,0.2206,0.2206,0.2745,0.2349,0.728,,0.0,0.0,0.0,2.4446
2006-04-01,1.3818,8682.0,1.4241472172351886,2.5328,0.0215,0.0167,46819.6,0.035,0.0399,0.2975,67.2065,0.0395,0.0636,0.068,-0.7309,-0.7309,0.0941,0.1214,,6.1237,30.8206,35.814,0.1388,3.0721,,2.487,19.7896,0.1377,0.2204,0.2204,0.2713,0.1772,0.7025,,0.0,0.0,0.0,2.6604
2006-07-01,1.3271,9330.0,1.5952617957395978,2.4868,0.0231,0.0192,41273.9,0.1762,0.0548,0.3032,63.7192,0.0428,0.0664,0.0712,-0.8588,-0.8588,0.108,0.1295,,5.2826,26.2583,24.2077,0.1513,2.7146,,2.4444,18.952,0.1372,0.222,0.222,0.2677,0.1781,0.6968,,0.0,0.0,0.0,2.6131
2006-09-30,1.2789,9984.0,0.9920844327176781,2.2519,0.0247,0.022,57277.0,0.1881,0.0653,0.2919,63.0667,0.0433,0.067,0.0718,-0.6402,-0.6402,0.1121,0.1257,,6.3771,32.0106,25.0962,0.1491,3.2963,,2.21,17.9925,0.1317,0.2187,0.2187,0.2697,0.1966,0.7081,,0.0,0.0,0.0,2.3826
2006-12-30,1.2598,11228.0,0.9757394030257599,2.2712,0.0536,0.0409,64848.1,0.2184,0.1211,0.3121,52.7678,0.0441,0.0681,0.073,-0.6376,-0.6376,0.1419,0.186,,6.4132,29.5717,20.9506,0.2037,3.4805,,2.2299,14.0169,0.1483,0.2483,0.2483,0.3088,0.288,0.6879,,0.0,0.0,0.0,2.3638
2007-03-31,1.2266,12261.0,1.293527803099362,2.9223,0.0398,0.0312,73619.6,0.0999,0.1555,0.3502,71.8689,0.052,0.0773,0.0838,-0.5787,-0.5787,0.1464,0.1869,,6.583,28.8369,21.4438,0.2149,3.734,,2.8844,24.1655,0.1588,0.2616,0.2616,0.3259,0.2129,0.6498,,0.0,0.0,0.0,2.9009
2007-06-30,1.1845,13404.0,1.018020594965675,2.6809,0.0433,0.0337,97766.0,0.1686,0.1616,0.3655,65.9052,0.0517,0.0782,0.0848,-0.531,-0.531,0.151,0.194,0.1498,7.8248,33.1178,26.6745,0.2218,4.5984,,2.645,18.2545,0.1645,0.2702,0.2702,0.3413,0.2231,0.6345,,0.0,0.0,0.0,2.6261
2007-09-29,1.1544,14532.0,1.0077586206896552,2.3659,0.0405,0.0347,126607.0,0.2213,0.1836,0.3096,53.3312,0.0522,0.0759,0.0822,-0.6435,-0.6435,0.1317,0.1536,0.1004,9.3558,38.901,30.3209,0.1794,5.5317,1.3989,2.3287,17.0149,0.1642,0.2719,0.2719,0.3428,0.2634,0.6904,3844.0,0.0,0.0,0.0,2.3437
2007-12-29,1.165,16804.0,0.869672520170859,2.4859,0.0872,0.0651,164265.0,0.245,0.2229,0.3264,48.6929,0.0526,0.0748,0.0809,-0.5452,-0.5452,0.1572,0.2107,0.1137,10.3206,42.0531,31.6299,0.2299,6.2194,2.1977,2.4423,15.6657,0.1723,0.2894,0.2894,0.3705,0.4139,0.6736,3933.0,0.0,0.0,0.0,2.2697
2008-03-29,1.1378,18053.0,0.9414573385924849,2.7752,0.0575,0.0437,117049.0,0.1226,0.2404,0.3267,71.6434,0.0515,0.0736,0.0794,-0.5024,-0.5024,0.138,0.1815,0.1078,6.986,28.335,21.2572,0.2018,4.1244,1.5297,2.7374,24.2594,0.1656,0.2835,0.2835,0.3656,0.3169,0.6733,3967.0,0.0,0.0,0.0,2.4538
2008-06-28,1.1084,19622.0,1.0168149273161207,3.0362,0.0607,0.0447,138246.0,0.1311,0.2414,0.3628,54.7186,0.0496,0.0719,0.0775,-0.4777,-0.4777,0.1496,0.203,0.11,7.5231,31.1301,24.6607,0.2186,4.5314,1.3088,2.9771,21.6963,0.1613,0.2749,0.2749,0.3591,0.299,0.6372,3976.0,0.0,0.0,0.0,2.6234
2008-09-27,1.168,22297.0,1.045242496259132,2.6411,0.1242,0.0887,81372.3,0.3362,0.3376,0.3857,56.8281,0.0502,0.0721,0.0777,-0.5326,-0.5326,0.1951,0.2731,0.1215,4.1821,15.239,11.1048,0.2852,2.4872,1.2633,2.5545,18.473,0.1906,0.3188,0.3188,0.4338,0.4547,0.6143,4000.0,0.0,0.0,0.0,2.6071
2008-12-27,1.1036,22909.0,0.49034356576539945,2.3828,0.1229,0.0893,69882.8,0.3018,0.3781,0.3794,57.6398,0.0502,0.0716,0.0772,-0.3159,-0.3159,0.1898,0.261,0.1078,3.3663,11.4522,8.1806,0.2743,1.9804,1.2402,2.356,18.8348,0.1908,0.325,0.325,0.4455,0.4706,0.6206,4110.0,0.0,0.0,0.0,2.1525
2009-03-28,1.0408,24311.0,0.32477637989964364,2.4619,0.0919,0.0641,88588.0,0.0798,0.3673,0.3993,73.1509,0.051,0.0721,0.0777,-0.1837,-0.1837,0.1783,0.2557,0.1131,3.8277,12.8297,10.1432,0.2627,2.3237,1.6707,2.4392,22.7206,0.1885,0.3255,0.3255,0.4534,0.3593,0.6007,4171.0,0.0,0.0,0.0,2.2845
2009-06-27,0.9914,25888.0,0.33641438088950243,2.1109,0.1034,0.0718,121048.0,0.2053,0.4059,0.4092,55.4768,0.0,0.0,0.0,-0.2165,-0.2165,0.1878,0.2704,0.1128,4.8923,15.9312,12.4401,0.2766,3.0,1.8388,2.0881,19.7326,0.1867,0.3333,0.3333,0.4697,0.3824,0.5908,4199.0,0.0,0.0,0.0,2.1634
2009-09-26,0.9447,31640.0,0.45741352337910657,2.7425,0.1439,0.0989,161495.0,0.2161,0.3551,0.4182,53.2842,0.0,0.0,0.0,-0.1663,-0.1663,0.2074,0.3018,0.1073,5.2705,20.2499,18.6405,0.3055,3.8867,1.8054,2.6761,14.8383,0.1813,0.3145,0.3145,0.4483,0.4768,0.5818,4308.0,0.0,0.0,0.0,2.9948
2009-12-26,0.969,35768.0,0.5809727418492785,2.545,0.1835,0.1312,184191.0,0.3443,0.4241,0.4088,56.7531,0.0,0.0,0.0,-0.2127,-0.2127,0.2154,0.3013,0.1084,5.3623,20.4958,17.8236,0.3034,4.1064,2.3091,2.4833,17.6723,0.1941,0.3183,0.3183,0.4545,0.609,0.5912,4469.0,0.0,0.0,0.0,2.9698
2010-03-27,0.9897,39348.0,0.8192002616730722,2.6442,0.154,0.119,200712.0,0.1503,0.4737,0.4167,63.1558,0.0,0.0,0.0,-0.2546,-0.2546,0.2277,0.2948,0.1116,5.3555,19.4904,17.4662,0.2985,4.122,2.5762,2.5765,21.2217,0.2093,0.326,0.326,0.4529,0.5224,0.5833,4793.0,0.0,0.0,0.0,3.2219
2010-06-26,1.0231,43111.0,0.6216372021521906,2.308,0.1631,0.1253,234431.0,0.2659,0.5568,0.3908,51.1528,0.0,0.0,0.0,-0.2251,-0.2251,0.2072,0.2697,0.1501,5.663,19.9506,17.142,0.2734,4.2764,2.8778,2.2374,18.617,0.2193,0.3266,0.3266,0.4436,0.6046,0.6092,5059.0,0.0,0.0,0.0,2.9946
2010-09-25,1.0399,47791.0,0.5434321011485378,2.0113,0.2094,0.1656,254736.0,0.2394,0.6423,0.3693,52.5113,0.0,0.0,0.0,-0.2356,-0.2356,0.2118,0.2678,0.1778,5.5658,18.9822,16.1465,0.2684,4.0781,4.398,1.9606,14.7052,0.2234,0.3376,0.3376,0.443,0.7822,0.6307,5774.0,0.0,0.0,0.0,2.7447
2010-12-25,1.0755,54666.0,0.4511031729354906,1.8461,0.2996,0.2298,287097.0,0.3182,0.7594,0.3851,63.9452,0.0,0.0,0.0,-0.1964,-0.1964,0.2245,0.2927,0.3275,5.4482,17.8996,15.2079,0.2978,3.9043,5.4705,1.8089,16.7342,0.2346,0.3599,0.3599,0.4648,1.0235,0.6149,6353.0,0.0,0.0,0.0,2.7043
2011-03-26,1.0879,61477.0,0.6568010852139597,1.9319,0.3005,0.2285,306875.0,0.2255,0.8929,0.4142,67.9681,0.0,0.0,0.0,-0.2599,-0.2599,0.2427,0.3192,0.2828,5.2516,16.5125,13.9654,0.3203,3.6918,4.5006,1.8937,20.1407,0.2432,0.3777,0.3777,0.4904,0.9413,0.5858,6792.0,0.0,0.0,0.0,2.8391
2011-06-25,1.1037,69343.0,0.4501656800327637,1.7461,0.3572,0.2783,294965.0,0.3551,1.1208,0.4173,65.9443,0.0,0.0,0.0,-0.1744,-0.1744,0.2558,0.3283,0.1839,4.4281,13.007,10.5557,0.3343,3.0607,6.0368,1.713,21.012,0.2597,0.4048,0.4048,0.5234,1.088,0.5827,7401.0,0.0,0.0,0.0,2.8533
2011-09-24,1.0697,76615.0,0.35091169109760456,1.6084,0.3311,0.2518,364842.0,0.2072,1.1559,0.4025,70.532,0.0,0.0,0.0,-0.1281,-0.1281,0.2343,0.3081,0.1245,4.8901,14.4532,12.4566,0.311,3.4611,7.5391,1.5807,19.9005,0.2562,0.3956,0.3956,0.5157,1.0747,0.5975,8356.0,0.0,0.0,0.0,2.9271
2011-12-31,1.1197,90054.0,0.29791660646689977,1.5827,0.6577,0.4955,373016.0,0.348,1.444,0.4468,69.4182,0.0,0.0,0.0,-0.1145,-0.1145,0.282,0.3742,0.1128,4.2566,11.6223,10.17,0.3772,2.9985,6.1527,1.5469,17.0945,0.2889,0.4435,0.4435,0.5822,1.7574,0.5532,8641.0,0.0,0.0,0.0,2.8519
2012-03-31,1.1106,102498.0,0.31592583343738295,1.583,0.5815,0.4393,568287.0,0.3182,1.7035,0.4737,78.5344,0.0,0.0,0.0,-0.0987,-0.0987,0.2966,0.3926,0.1211,5.6431,14.9781,12.9697,0.3964,4.063,5.3037,1.5486,22.1745,0.3013,0.4563,0.4563,0.6004,1.4812,0.5263,9293.0,0.0,0.0,0.0,3.1162
2012-06-30,1.0463,111746.0,0.24032062915910465,1.5712,0.4364,0.3328,542670.0,0.2063,1.5881,0.4281,82.7161,0.0,0.0,0.0,-0.0711,-0.0711,0.2519,0.3304,0.1368,4.9274,13.7198,13.2115,0.3387,3.7001,6.4671,1.5372,21.6312,0.2822,0.4214,0.4214,0.5566,1.3207,0.5719,9845.0,0.0,0.0,0.0,3.1847
2012-09-29,0.996,118210.0,0.27881272378184835,1.4958,0.4122,0.3097,607370.0,0.1567,1.5763,0.4004,112.12,0.0,0.0,0.0,-0.0909,-0.0909,0.2286,0.3043,0.3026,5.229,14.8112,14.9109,0.3029,3.9494,6.4977,1.4753,19.2046,0.2656,0.3951,0.3951,0.523,1.3547,0.5996,11082.0,0.0,0.0,0.0,3.0432
2012-12-29,0.9603,127346.0,0.34458926171633353,1.5433,0.6489,0.4931,483542.0,0.3847,1.7611,0.3863,71.1022,0.0,0.0,0.0,-0.1269,-0.1269,0.2399,0.3157,0.2338,3.9239,11.9696,10.7926,0.3242,3.0342,6.7145,1.5123,16.0451,0.2434,0.3632,0.3632,0.4794,2.0554,0.6137,12021.0,0.0,0.0,0.0,2.8525
2013-03-30,0.9269,135490.0,0.3394446321955616,1.7837,0.4741,0.3604,391163.0,0.234,1.673,0.375,87.1751,0.0,0.0,0.0,-0.089,-0.089,0.219,0.288,0.2422,2.976,10.1637,9.1563,0.296,2.3844,7.9657,1.7487,23.9422,0.2174,0.322,0.322,0.4244,1.6461,0.625,13167.0,0.0,0.0,0.0,3.2866
2013-06-29,0.8837,123354.0,0.3097001569426471,1.8783,0.3555,0.2666,377463.0,0.1645,1.6757,0.3687,74.1894,0.0849,0.1209,0.1375,0.0407,0.0463,0.1953,0.2605,0.2724,3.0137,9.8483,8.7219,0.2671,2.1945,9.6084,1.8316,20.5388,0.1969,0.2993,0.2896,0.3829,1.3649,0.6313,14150.0,0.1375,0.0849,0.1209,2.6124
2013-09-28,0.857,123549.0,0.3266068074579688,1.6786,0.394,0.2951,435827.0,0.2029,1.7711,0.3702,83.4489,0.0819,0.1207,0.1373,0.0192,0.0219,0.2005,0.2677,0.2852,3.5057,11.6944,9.7135,0.2707,2.5342,10.5645,1.6382,14.2235,0.1857,0.2906,0.2725,0.3605,1.4721,0.6298,16416.0,0.1373,0.0819,0.1207,2.4805
2013-12-28,0.8418,129684.0,0.26180512934962524,1.4943,0.6919,0.5179,497823.0,0.3581,1.7706,0.3793,60.8901,0.0753,0.1157,0.1308,0.0197,0.0222,0.227,0.3032,0.2927,3.8165,13.3655,11.1863,0.3075,2.8446,7.1318,1.4548,13.4888,0.1792,0.2893,0.2631,0.35,2.2819,0.6207,17684.0,0.1308,0.0753,0.1157,2.3579
2014-03-29,0.8402,120179.0,0.43855304573227183,1.6326,0.552,0.4151,460546.0,0.264,1.9103,0.3932,71.1431,0.0823,0.1237,0.1411,-0.0145,-0.0165,0.224,0.2978,0.292,3.8487,12.2665,10.035,0.3027,2.6275,7.661,1.5903,20.9765,0.18,0.3036,0.2671,0.3563,1.8536,0.6068,19269.0,0.1411,0.0823,0.1237,2.4005
2014-06-28,0.8279,120940.0,0.2808570501028027,1.4706,0.4248,0.3201,574637.0,0.209,2.0079,0.3936,66.694,0.1305,0.191,0.24,0.1189,0.1494,0.207,0.2747,0.287,4.6021,14.4358,11.5702,0.2801,3.1243,4.2491,1.4361,18.153,0.1792,0.312,0.2676,0.3566,1.5463,0.6064,21945.0,0.2567,0.1395,0.2042,2.1906
2014-09-27,0.8257,111547.0,0.21819442693229102,1.0801,0.4674,0.3544,608712.0,0.2231,2.1266,0.3801,57.9396,0.125,0.1974,0.2599,0.1461,0.1923,0.201,0.2651,0.2816,5.2647,14.8636,11.7688,0.2723,3.2127,3.4199,1.0468,11.9622,0.1785,0.3276,0.2713,0.3605,1.7634,0.6199,22550.0,0.3164,0.1522,0.2404,1.9273
2014-12-27,0.8666,123328.0,0.2646071918599122,1.133,1.0306,0.7661,684989.0,0.4083,2.5629,0.3987,55.1047,0.1241,0.2035,0.2636,0.106,0.1372,0.2416,0.325,0.251,5.417,15.0255,11.1845,0.3273,3.3437,3.8862,1.102,12.9283,0.1928,0.3736,0.2986,0.3981,3.1708,0.6013,23945.0,0.2952,0.139,0.2279,1.89
2015-03-28,0.8682,129006.0,0.2467094621056037,1.156,0.7832,0.5814,765455.0,0.2862,2.789,0.4078,60.6026,0.1534,0.2318,0.3106,0.17,0.2278,0.2339,0.3151,0.2351,5.7057,15.3964,11.4503,0.32,3.4694,4.9633,1.1152,20.5934,0.1956,0.3944,0.3029,0.4052,2.4855,0.5922,25518.0,0.3401,0.168,0.2538,1.9759
2015-06-27,0.8728,125677.0,0.23464808148885655,1.0868,0.6099,0.4624,756520.0,0.26,3.0391,0.3968,74.3949,0.1736,0.2633,0.3773,0.2171,0.3111,0.2152,0.2839,0.2252,5.7085,14.14,10.3436,0.2918,3.198,5.3299,1.0555,21.2059,0.1974,0.4146,0.3077,0.411,2.1481,0.6032,31287.0,0.433,0.1992,0.3022,1.8522
2015-09-26,0.8604,119355.0,0.2620022329735765,1.1088,0.6433,0.4894,670483.0,0.1906,3.127,0.399,62.8202,0.1837,0.2903,0.4468,0.2352,0.362,0.216,0.2839,0.2165,5.2555,11.748,8.9896,0.2925,2.6839,5.4129,1.0796,13.6241,0.1966,0.4294,0.3067,0.4091,2.2658,0.601,35434.0,0.539,0.2216,0.3502,1.698
2015-12-26,0.8408,128267.0,0.21932660463649267,1.0017,1.0802,0.8205,638536.0,0.3092,2.8306,0.401,59.4339,0.1814,0.2782,0.4148,0.242,0.3608,0.242,0.3186,0.2183,4.6174,11.0227,9.4342,0.3239,2.5204,5.4026,0.9695,15.8444,0.1922,0.4279,0.2953,0.391,3.3906,0.599,39005.0,0.4909,0.2147,0.3293,1.7773
2016-03-26,0.7832,130457.0,0.3151541785688127,1.2831,0.6311,0.4745,641593.0,0.1781,2.5178,0.394,58.5683,0.2272,0.3298,0.5318,0.2775,0.4473,0.208,0.2767,0.2346,4.4707,11.5086,10.5706,0.2797,2.5633,5.705,1.2497,19.671,0.1744,0.4024,0.2649,0.3495,2.281,0.606,42793.0,0.6122,0.2616,0.3797,1.7462
2016-06-25,0.7377,126541.0,0.2551128892370534,1.3116,0.4616,0.3561,570840.0,0.1825,2.3179,0.3802,68.8304,0.2256,0.326,0.5448,0.3154,0.5271,0.1841,0.2386,0.2515,3.984,10.5476,10.0818,0.2472,2.2886,5.606,1.286,19.95,0.1601,0.3789,0.24,0.3157,1.935,0.6198,47449.0,0.6712,0.2779,0.4016,1.7067
2016-09-24,0.7036,128249.0,0.2592714477381465,1.3527,0.5452,0.4178,674795.0,0.258,2.4491,0.3802,58.6369,0.2345,0.3504,0.5881,0.3091,0.5189,0.1924,0.251,0.2659,4.7427,13.3133,11.6353,0.2601,2.8207,5.5007,1.3257,13.2282,0.1491,0.3559,0.2206,0.2899,2.1718,0.6198,54144.0,0.6786,0.2705,0.4043,1.663
2016-12-31,0.6904,132390.0,0.19459170331629622,1.2282,1.096,0.8395,681873.0,0.3039,2.5037,0.3851,51.9473,0.2221,0.3344,0.5556,0.3236,0.5376,0.2283,0.2981,0.2723,4.6128,13.5059,11.6029,0.3086,2.7998,5.2953,1.196,16.1509,0.1431,0.3494,0.211,0.2764,3.6764,0.6149,60970.0,0.6613,0.2644,0.3981,1.6661
2017-04-01,0.682,134082.0,0.20666193995255105,1.3906,0.6698,0.524,831441.0,0.183,2.5602,0.3893,52.3102,0.2527,0.3634,0.6304,0.3584,0.6217,0.2085,0.2665,0.2714,5.5792,16.3585,14.032,0.2776,3.3933,4.504,1.3509,18.5196,0.1415,0.3509,0.208,0.2699,2.5132,0.6107,68174.0,0.7348,0.2945,0.4236,1.6689
2017-07-01,0.6709,132425.0,0.22841996506851,1.3883,0.5144,0.4164,837954.0,0.1245,2.4776,0.3851,55.2297,0.2603,0.3732,0.6786,0.3728,0.6779,0.192,0.2371,0.2699,5.6499,16.0379,14.603,0.249,3.3475,5.1267,1.3496,18.5383,0.14,0.354,0.2054,0.2641,2.1691,0.6149,73079.0,0.8181,0.3139,0.45,1.6225
2017-09-30,0.6615,134047.0,0.2012518102644474,1.2761,0.6328,0.5167,889855.0,0.2402,2.5249,0.3791,40.3744,0.259,0.3893,0.7252,0.382,0.7116,0.2038,0.2495,0.2641,5.9268,16.4312,15.3448,0.2647,3.4657,4.4273,1.2279,13.6335,0.1395,0.3629,0.2051,0.2602,2.5359,0.6209,86582.0,0.863,0.3082,0.4632,1.5556
2017-12-30,0.6545,140199.0,0.23742529450374822,1.242,1.2735,0.9726,979346.0,0.2869,2.6216,0.3841,41.2881,0.2555,0.3957,0.7412,0.3614,0.677,0.2273,0.2976,0.2569,6.3084,17.5049,16.597,0.3061,3.6979,5.8488,1.2038,12.7571,0.1383,0.3737,0.205,0.2608,4.2796,0.6159,98894.0,0.873,0.3009,0.4661,1.5259
2018-03-31,0.6621,126878.0,0.5044670846394984,1.456,0.784,0.6818,922517.0,0.1814,2.7662,0.3831,28.8808,0.2758,0.4075,0.7989,0.3087,0.6052,0.2261,0.26,0.2469,6.6657,15.8621,15.4622,0.2645,3.4183,5.126,1.3703,19.1033,0.1427,0.3997,0.2129,0.2637,3.0155,0.6169,107417.0,0.9603,0.3315,0.4899,1.5273
2018-06-30,0.6813,114949.0,0.3610584089985093,1.3073,0.64,0.5845,1002645.0,0.2107,3.111,0.3834,34.7034,0.2781,0.4231,0.845,0.36,0.7188,0.2163,0.2368,0.2397,8.0037,16.3937,15.2659,0.2494,3.604,5.4227,1.2403,19.2638,0.1498,0.435,0.2266,0.2742,2.703,0.6166,113986.0,0.997,0.3282,0.4992,1.4907
2018-09-29,0.7134,107147.0,0.22352474359306126,1.1329,0.8313,0.7285,1186220.0,0.262,3.3712,0.3829,37.1708,0.2563,0.4229,0.8748,0.3996,0.8266,0.2246,0.2562,0.2303,10.2443,18.4383,17.1184,0.2611,4.1328,4.0664,1.0988,12.9369,0.1599,0.4868,0.2474,0.2946,3.2439,0.6171,122884.0,1.0685,0.313,0.5166,1.4144
2018-12-29,0.7186,117892.0,0.4134628704413435,1.3006,1.2228,1.0457,818498.0,0.2768,3.2838,0.3799,34.3616,0.2488,0.3997,0.7888,0.3007,0.5934,0.2368,0.2769,0.2346,6.3494,12.5951,12.0485,0.2835,2.8613,3.0697,1.2545,12.6026,0.1633,0.5092,0.2549,0.2916,4.4158,0.6201,131354.0,0.9732,0.307,0.4932,1.4608
2019-03-30,0.7227,105860.0,0.4051102674572367,1.3154,0.7134,0.6148,976392.0,0.1515,3.2465,0.3761,25.5273,0.2637,0.4128,0.8521,0.3416,0.7051,0.1993,0.2312,0.2483,8.5183,15.7731,15.0719,0.2377,3.4885,3.1239,1.2633,17.579,0.1598,0.5129,0.2534,0.2903,3.0854,0.6239,119001.0,1.064,0.3293,0.5155,1.4483
2019-06-29,0.7382,96456.0,0.5632970659056452,1.5046,0.6272,0.5457,985235.0,0.1791,3.2133,0.3759,34.6294,0.2636,0.4146,0.8806,0.2826,0.6001,0.1867,0.2145,0.2544,9.6142,16.6505,15.9215,0.2214,3.58,3.6284,1.4672,18.3374,0.1587,0.5213,0.2538,0.2936,2.9234,0.6241,119370.0,1.124,0.3365,0.5292,1.4272
2019-09-28,0.7561,90488.0,0.46202160464632325,1.5401,0.8641,0.7569,1071363.0,0.2675,3.3138,0.3797,40.1345,0.2712,0.4624,1.0146,0.2982,0.6543,0.2137,0.244,0.2555,11.1856,18.3176,17.1855,0.2518,3.8903,3.9413,1.5013,11.2844,0.1606,0.5382,0.2587,0.2993,3.5416,0.6203,125579.0,1.194,0.3192,0.5442,1.3648
2019-12-28,0.797,89531.0,0.38929728565695326,1.5978,1.435,1.248,1364462.0,0.3094,3.6471,0.3835,36.5669,0.2733,0.469,1.0396,0.3485,0.7725,0.2422,0.2785,0.2449,14.4676,22.5164,20.2486,0.2823,4.8389,3.9787,1.5577,13.7108,0.1713,0.6018,0.2805,0.3226,5.1532,0.6165,116251.0,1.2167,0.3198,0.5489,1.3566
2020-03-28,0.811,78425.0,0.4180698066476575,1.496,0.7295,0.6385,1184901.0,0.1965,3.8527,0.3836,40.3636,0.278,0.4724,1.1359,0.3711,0.8923,0.1929,0.2204,0.2451,14.2164,19.4865,16.7315,0.2252,4.1604,4.75,1.4613,17.3974,0.1731,0.6449,0.2895,0.3319,3.3097,0.6164,117173.0,1.4046,0.3438,0.5841,1.3241
2020-06-27,0.8318,72282.0,0.35022765899410396,1.4694,0.7515,0.646,1648070.0,0.2464,4.1845,0.38,46.1686,0.2964,0.5066,1.3011,0.4309,1.1066,0.1885,0.2193,0.2405,21.6939,26.8397,21.8682,0.2201,5.7259,5.4677,1.4277,17.1,0.1775,0.7066,0.303,0.3482,3.4264,0.62,107405.0,1.5685,0.3573,0.6107,1.295
2020-09-26,0.8432,65339.0,0.36071049035979963,1.3636,0.8562,0.7344,2041191.0,0.2905,4.3214,0.3816,41.523,0.3046,0.553,1.5101,0.4208,1.1491,0.1959,0.2284,0.2453,30.0909,34.2462,26.799,0.2303,7.1621,5.616,1.3251,14.0611,0.1763,0.7515,0.3057,0.353,3.7491,0.6184,118958.0,1.7309,0.3492,0.6338,1.2527
2020-12-26,0.8942,66224.0,0.2717592278143796,1.163,1.9594,1.6802,2375603.0,0.3164,4.7684,0.3978,39.7063,0.2804,0.5569,1.4992,0.4265,1.1481,0.258,0.3009,0.2214,34.7241,35.9701,28.6662,0.3013,7.8181,5.8912,1.1255,12.2375,0.1944,0.9059,0.3499,0.4063,6.5116,0.6022,124945.0,1.6919,0.3165,0.6285,1.2301
2021-03-27,0.9769,69178.0,0.36157353010292803,1.1417,1.6246,1.3958,2121089.0,0.2424,5.4221,0.4251,45.7454,0.3222,0.5693,1.5705,0.4359,1.2024,0.2638,0.307,0.1864,29.4589,26.7053,22.5251,0.3127,6.2627,5.8854,1.0927,19.0157,0.2291,1.118,0.4163,0.485,5.2917,0.5749,121898.0,1.7584,0.3608,0.6375,1.2581
2021-06-26,1.0325,64280.0,0.31599754997494295,1.0619,1.4376,1.2957,2336901.0,0.2333,5.7237,0.4329,44.7366,0.3206,0.5683,1.6452,0.4715,1.365,0.267,0.2963,0.1652,34.99,25.9114,23.7333,0.2992,6.4788,5.4327,1.0138,19.6371,0.2582,1.3101,0.4733,0.5449,4.8525,0.5671,115462.0,1.8947,0.3692,0.6545,1.2421
2021-09-25,1.0665,63090.0,0.2784485300563432,1.0746,1.4299,1.2354,2493617.0,0.2037,5.6585,0.422,40.0303,0.3108,0.5783,1.7294,0.4804,1.4365,0.2465,0.2853,0.1528,38.0883,25.3801,25.8517,0.2789,6.5688,4.7631,1.0221,17.2563,0.276,1.4412,0.5092,0.5859,5.0111,0.578,124343.0,1.9903,0.3577,0.6656,1.2191
2021-12-25,1.0815,71932.0,0.251528046945939,1.0378,2.5115,2.0964,3032429.0,0.3563,6.233,0.4376,39.7404,0.2797,0.5476,1.4824,0.44,1.1911,0.2794,0.3347,0.1451,40.9658,29.3049,28.9314,0.3327,7.789,4.6064,0.998,13.2018,0.2875,1.4981,0.529,0.6151,7.5032,0.5624,126614.0,1.7071,0.3221,0.6306,1.2326
2022-03-26,1.093,67399.0,0.22036264391253882,0.9268,1.8277,1.5247,2957576.8,0.2637,6.5272,0.4375,40.975,0.2947,0.5514,1.533,0.4904,1.3633,0.2571,0.3082,0.1445,42.5183,28.113,27.0877,0.3098,7.4238,4.0975,0.884,19.6356,0.2886,1.5288,0.5387,0.6309,5.9305,0.5625,123035.0,1.7802,0.3422,0.6403,1.2379
2022-06-25,1.0923,58107.0,0.21176072008808605,0.8646,1.419,1.1955,2372260.2,0.2506,6.684,0.4326,41.4063,0.2816,0.5326,1.6298,0.5185,1.5865,0.2344,0.2782,0.1483,39.2392,22.8847,21.1938,0.278,5.8834,4.8643,0.8228,19.7333,0.2808,1.5297,0.5324,0.6323,5.1013,0.5674,125043.0,2.0598,0.3559,0.6732,1.2089
2022-09-24,1.1101,50672.0,0.15356340351469652,0.8794,1.5444,1.2855,2500213.2,0.2312,6.9899,0.4226,38.7899,0.2805,0.5796,1.9529,0.5647,1.9029,0.2299,0.2762,0.1487,47.4382,24.0854,21.5697,0.2735,6.0959,4.7143,0.8472,14.4808,0.281,1.609,0.5464,0.6539,5.5927,0.5774,129542.0,2.3695,0.3404,0.7032,1.1677
2022-12-31,1.1181,56727.0,0.1495782526987457,0.938,2.2572,1.8801,2157515.0,0.2579,6.1542,0.4296,34.7615,0.2873,0.5936,1.7563,0.5397,1.5967,0.2561,0.3074,0.1563,36.4366,21.7182,21.1998,0.3041,5.3335,5.6903,0.8883,14.3625,0.2746,1.6345,0.5409,0.6478,7.3424,0.5704,131465.0,1.9587,0.3204,0.662,1.1956
2023-04-01,1.126,62158.0,0.20559650218613368,0.9404,1.787,1.5246,2697686.5,0.2704,6.2003,0.4426,33.8135,0.2922,0.5649,1.5612,0.4944,1.3663,0.2548,0.2986,0.1583,42.0341,27.7007,26.8003,0.2993,6.7847,5.7561,0.878,19.8754,0.2758,1.6572,0.5483,0.6528,5.9845,0.5574,129981.0,1.7635,0.33,0.6381,1.2302
2023-07-01,1.1237,60274.0,0.22733129006185832,0.9816,1.4579,1.2603,3108018.0,0.2969,6.4537,0.4452,33.967,0.2927,0.5784,1.6271,0.477,1.3417,0.2431,0.2812,0.158,50.2231,31.9454,29.9756,0.2779,7.8846,6.4066,0.9227,18.569,0.2773,1.6492,0.5575,0.6602,5.1852,0.5548,138050.0,1.8131,0.3262,0.6445,1.2194
